species_id,term_id,term_value
256389839,1,2
256389839,22,24
255425238,1,2
255425238,17,19
255425238,22,24
254577091,1,2
254577091,9,20
254577091,17,18
254577091,22,24
252216611,17,19
251494634,1,8
249922108,1,8
249922108,17,18
249082086,1,8
249082086,22,24
248201747,17,18
248201747,22,24
248122791,17,18
248084689,17,19
248067506,17,19
247832416,17,19
247832154,17,19
247778322,17,19
247030728,17,18
247030127,17,18
246683252,17,19
246213406,1,2
246213406,17,18
245173079,17,19
244933289,1,8
244933289,17,19
244933151,1,8
244933151,17,19
244932918,1,8
244932918,17,19
244060289,17,20
243215549,17,18
243215549,22,24
242715039,17,20
242589554,17,20
242327948,17,19
242327948,22,27
241300345,17,19
241300345,22,24
239710238,17,20
239375847,17,20
238647936,17,18
238647936,22,24
238647935,17,18
238647935,22,24
238495553,17,19
238154182,17,18
238070377,17,19
238070377,22,27
237839628,17,18
237372139,17,18
236788261,17,19
236173959,17,18
236173959,22,24
236173817,17,18
236173817,22,24
234685592,17,19
233984328,22,24
232522921,17,18
232475635,17,18
231533551,1,2
231533551,9,20
231533551,17,18
231533551,22,24
231503887,1,2
231503887,17,19
230606199,1,8
229422946,1,7
228602517,1,8
228602517,17,19
228602517,22,24
228526993,1,2
228526993,9,10
228526993,17,18
228526993,22,24
228526992,1,2
228526992,17,19
228526992,22,24
228476289,17,18
228476289,22,24
228439508,1,2
228439508,9,10
228439508,17,19
228080375,17,19
228026207,1,2
228026207,9,10
228026207,17,18
227797321,1,2
227797321,17,18
227796988,1,2
227796988,17,18
227793445,1,2
227793445,17,18
227792793,1,2
227792793,17,18
227791031,1,2
227791031,17,18
227790802,1,2
227790802,17,18
227544883,1,2
227544883,9,10
227544883,17,18
227544883,22,24
227543400,1,2
227543400,17,18
227543400,22,24
227540469,1,2
227540469,9,10
227540469,17,18
227540469,22,24
227356272,17,18
227344482,1,2
227344482,17,18
227317339,1,2
227317339,9,10
227317339,17,18
227315909,1,2
227315909,9,10
227315909,17,18
227315367,1,2
227315367,9,10
227315367,17,18
227314503,1,2
227314503,9,10
227314503,17,18
227313647,1,2
227313647,9,10
227313647,17,18
227311689,1,8
227311689,17,19
227310147,1,2
227310147,9,10
227310147,17,18
227310029,1,2
227310029,9,10
227310029,17,18
227305618,1,2
227305618,9,10
227305618,17,18
227305565,1,2
227305565,9,10
227305565,17,18
227303624,1,2
227303624,9,10
227303624,17,18
227302944,1,2
227302944,9,10
227302944,17,18
227301501,1,2
227301501,9,10
227301501,17,18
227299556,1,2
227299556,9,10
227299556,17,18
227298943,1,2
227298943,9,10
227298943,17,18
227278767,1,2
227278767,17,18
227278767,22,24
227092368,1,2
227092368,17,18
227092328,17,20
226809594,1,2
226809594,17,19
226446331,1,2
226446331,17,18
226309693,1,2
226309693,17,19
226298077,1,2
226298077,17,19
226296898,1,2
226296898,17,19
226262124,1,2
226262124,17,19
226253332,1,2
226253332,17,18
226252825,1,2
226252825,17,18
226251600,1,2
226251600,17,18
226250862,1,2
226250862,17,18
226249414,1,2
226249414,17,18
226245767,1,2
226245767,17,18
226244993,1,2
226244993,17,18
226244270,1,2
226244270,17,18
226243132,1,2
226243132,17,18
226235430,1,2
226235430,17,18
226234794,1,2
226234794,17,18
226233207,1,2
226233207,17,18
226231992,1,2
226231992,17,18
226230944,1,2
226230944,9,10
226230944,17,18
226230602,1,2
226230602,17,20
226230272,1,2
226230272,17,18
225981755,17,19
225742913,1,2
225742913,9,10
225742913,17,18
225632460,1,2
225632460,9,10
225632460,17,19
225632460,22,24
225554880,1,2
225554880,17,19
225548829,1,2
225548829,17,18
225548086,1,2
225548086,17,18
225547667,1,2
225547667,17,18
225546515,1,8
225546515,17,18
225546430,1,2
225546430,17,18
225545878,1,2
225545878,17,18
225545616,1,2
225545616,17,18
225544865,1,2
225544865,17,18
225544275,1,2
225544275,17,18
225544142,1,2
225544142,17,18
225542574,1,2
225542574,17,18
225535375,1,2
225535375,17,18
225535221,1,2
225535221,17,18
225534742,1,2
225534742,17,18
225534448,1,2
225534448,17,18
225533840,1,2
225533840,17,18
225533214,1,2
225533214,17,18
225527871,1,2
225527871,17,18
225527377,1,2
225527377,17,18
225526482,1,2
225526482,17,18
225525669,1,2
225525669,17,18
225525318,1,2
225525318,17,18
225520611,1,2
225520611,17,18
225516319,1,2
225516319,17,18
225507070,17,19
225507070,22,24
225488635,1,2
225488635,17,19
225413792,1,2
225413792,17,18
225348943,1,2
225348943,17,18
225348943,22,24
225348314,1,2
225348314,17,18
225348314,22,24
225344086,1,2
225344086,17,18
225344086,22,24
225341796,1,2
225341796,17,19
225341796,22,24
225341158,1,2
225341158,17,18
225341158,22,24
225341157,1,2
225341157,17,18
225341157,22,24
225340448,1,2
225340448,9,10
225340448,17,18
225340448,22,24
225336116,1,2
225336116,9,20
225336116,17,19
225336116,22,24
225330433,17,18
225330433,22,24
225330167,1,2
225330167,9,10
225330167,17,18
225328021,1,2
225328021,9,10
225328021,17,18
225326253,1,2
225326253,9,10
225326253,17,18
225172651,17,20
225141807,17,19
225141807,22,24
225107669,1,2
225107669,17,19
225097454,1,2
225097454,9,10
225097454,17,18
225077254,1,2
225077254,17,19
225077254,22,24
225077224,1,2
225077224,17,19
225077224,22,24
225022098,1,2
225022098,17,19
225021914,1,2
225021914,17,19
225021843,1,2
225021843,17,19
225021528,1,2
225021528,17,19
225020307,17,18
224964244,1,8
224964244,17,18
224964244,22,24
224956301,1,2
224956301,9,10
224956301,17,18
224953658,1,2
224953658,9,10
224953658,17,18
224953533,1,2
224953533,9,10
224953533,17,18
224951871,1,2
224951871,9,10
224951871,17,18
224950918,1,2
224950918,9,10
224950918,17,18
224949181,1,2
224949181,9,10
224949181,17,18
224948040,1,2
224948040,9,10
224948040,17,18
224946363,1,2
224946363,17,18
224938433,1,2
224938433,9,10
224938433,17,18
224938054,1,2
224938054,9,10
224938054,17,18
224937486,1,2
224937486,9,10
224937486,17,18
224937362,1,2
224937362,9,10
224937362,17,18
224936818,1,2
224936818,9,10
224936818,17,18
224936372,1,2
224936372,9,10
224936372,17,18
224936011,1,2
224936011,9,10
224936011,17,18
224935472,1,2
224935472,9,10
224935472,17,18
224932773,1,2
224932773,9,10
224932773,17,18
224932684,1,2
224932684,9,10
224932684,17,18
224932184,1,2
224932184,9,10
224932184,17,18
224931603,1,2
224931603,9,10
224931603,17,18
224931158,1,2
224931158,9,10
224931158,17,18
224930578,1,2
224930578,9,10
224930578,17,18
224930299,1,2
224930299,9,10
224930299,17,18
224929977,1,2
224929977,9,10
224929977,17,18
224929280,1,2
224929280,9,10
224929280,17,18
224912564,1,2
224912564,17,19
224912564,22,24
224605539,1,2
224605539,17,19
224604835,1,2
224604835,17,19
224604312,1,2
224604312,17,19
224604065,1,2
224604065,17,19
224428471,1,2
224428471,17,18
224427198,1,2
224427198,17,18
224425906,1,2
224425906,17,18
224425191,1,2
224425191,17,18
224419495,1,2
224419495,17,18
224415949,1,2
224415949,17,18
224413127,1,2
224413127,17,18
224412425,1,2
224412425,17,18
224410860,1,2
224410860,17,18
224409948,1,2
224409948,17,18
224409575,1,2
224409575,17,18
224404633,1,2
224404633,17,18
224404414,1,2
224404414,17,18
224403761,1,2
224403761,17,18
224400013,1,2
224400013,17,19
224212801,1,2
224212801,9,10
224212801,17,18
224212344,1,2
224212344,9,10
224212344,17,18
224208596,1,2
224208596,9,10
224208596,17,18
224208196,1,2
224208196,9,10
224208196,17,18
224207980,1,2
224207980,9,10
224207980,17,18
224206913,1,2
224206913,9,10
224206913,17,18
224206360,1,2
224206360,9,10
224206360,17,18
224204890,1,2
224204890,9,10
224204890,17,18
224203889,1,2
224203889,9,10
224203889,17,18
224203246,1,2
224203246,9,10
224203246,17,18
224203197,1,2
224203197,9,10
224203197,17,18
224202646,1,2
224202646,9,10
224202646,17,18
224202198,1,2
224202198,9,10
224202198,17,18
224201446,1,2
224201446,9,10
224201446,17,18
224200809,1,2
224200809,9,10
224200809,17,18
224200103,1,2
224200103,9,10
224200103,17,18
224199339,1,2
224199339,9,10
224199339,17,18
224198592,1,2
224198592,9,10
224198592,17,18
224194222,1,2
224194222,17,18
224193250,1,2
224193250,9,10
224193250,17,19
224191400,1,2
224191400,9,10
224191400,17,18
224074546,1,2
224074546,17,20
223891528,17,19
223891168,17,19
223804379,1,2
223804379,9,10
223804379,17,18
223801094,1,2
223801094,9,10
223801094,17,18
223801094,22,24
223800962,1,2
223800962,9,10
223800962,17,18
223800188,1,2
223800188,9,10
223800188,17,18
223795516,1,2
223795516,9,10
223795516,17,18
223793792,1,2
223793792,9,10
223793792,17,18
223791572,17,18
223789894,1,2
223789894,9,10
223789894,17,18
223752991,17,18
223752991,22,24
223607218,1,2
223607218,9,10
223607218,17,18
223607076,1,2
223607076,9,10
223607076,17,18
223606037,1,2
223606037,9,10
223606037,17,18
223588048,1,2
223588048,9,10
223588048,17,18
223588048,22,24
223586763,1,2
223586763,9,10
223586763,17,18
223586763,22,24
223586461,1,2
223586461,9,10
223586461,17,18
223586461,22,24
223584559,1,2
223584559,9,10
223584559,17,18
223584559,22,24
223581197,1,2
223581197,9,10
223581197,17,18
223581197,22,24
223577962,1,2
223577962,9,10
223577962,17,18
223577962,22,24
223577765,1,2
223577765,9,10
223577765,17,18
223577765,22,24
223577099,1,2
223577099,9,10
223577099,17,18
223577099,22,24
223556451,1,2
223556451,9,10
223556451,17,19
223556451,22,24
223554797,1,2
223554797,17,19
223554797,22,24
223553224,1,2
223553224,9,10
223553224,17,18
223553224,22,24
223551695,1,2
223551695,17,18
223551695,22,24
223551210,1,2
223551210,17,18
223551210,22,24
223549601,1,2
223549601,9,10
223549601,17,18
223549601,22,24
223549169,1,2
223549169,9,10
223549169,17,18
223549169,22,24
223548912,1,2
223548912,9,10
223548912,17,18
223548912,22,24
223548438,1,2
223548438,9,10
223548438,17,18
223548438,22,24
223548016,1,2
223548016,9,10
223548016,17,18
223548016,22,24
223547484,1,2
223547484,9,10
223547484,17,18
223547484,22,24
223546880,1,2
223546880,17,18
223546880,22,24
223545872,1,2
223545872,17,18
223545872,22,24
223545122,1,2
223545122,17,18
223545122,22,24
223544033,17,18
223544033,22,24
223543798,1,2
223543798,17,18
223543798,22,24
223543351,1,2
223543351,17,18
223543351,22,24
223543026,1,2
223543026,17,18
223543026,22,24
223542937,17,18
223542937,22,24
223542850,17,18
223542850,22,24
223542773,17,18
223542773,22,24
223542433,17,18
223542433,22,24
223541832,1,2
223541832,17,18
223541832,22,24
223541542,17,18
223541542,22,24
223541183,1,2
223541183,9,10
223541183,17,18
223541183,22,24
223541183,22,35
223540695,1,2
223540695,17,18
223540695,22,24
223540661,1,2
223540661,17,18
223540661,22,24
223539145,1,2
223539145,17,18
223539145,22,24
223538496,1,2
223538496,17,18
223538496,22,24
223538392,1,2
223538392,17,18
223538392,22,24
223538182,17,18
223538182,22,24
223535344,1,2
223535344,17,18
223535344,22,24
223535158,1,2
223535158,17,18
223535158,22,24
223532481,1,2
223532481,17,18
223532481,22,24
223531484,1,2
223531484,17,18
223531484,22,24
223529392,1,2
223529392,17,19
223529392,22,24
223528973,1,2
223528973,17,19
223528973,22,24
223520786,17,19
223346900,17,18
223346900,22,24
223173156,17,19
223169494,17,19
223166196,17,19
223159744,1,2
223159744,9,10
223159744,17,19
223149509,17,19
223143009,17,19
223066256,1,2
223066256,17,19
222986212,17,20
222629869,17,18
222629869,22,24
222586704,17,18
222586704,22,24
222546729,17,19
222546729,22,24
222544593,17,19
222526059,1,2
222526059,9,10
222526059,17,19
222525261,1,2
222525261,9,10
222525261,17,18
222525187,1,2
222525187,9,10
222525187,17,18
222524218,1,2
222524218,9,10
222524218,17,18
222523309,1,2
222523309,9,10
222523309,17,18
222522214,9,10
222522152,1,8
222522152,9,10
222522152,17,18
222519027,1,2
222519027,9,10
222519027,17,18
222518656,1,2
222518656,9,10
222518656,17,18
222517675,1,2
222517675,9,10
222517675,17,18
222517608,1,2
222517608,9,10
222517608,17,18
222516837,1,2
222516837,9,10
222516837,17,18
222514395,1,2
222514395,9,10
222514395,17,18
222513978,1,2
222513978,9,10
222513978,17,20
222511466,1,2
222511466,9,10
222511466,17,18
222511104,1,2
222511104,9,10
222511104,17,18
222510057,1,2
222510057,9,10
222510057,17,18
222479065,17,19
222479065,22,24
222477390,1,2
222477390,17,18
222477390,22,24
222476173,1,2
222476173,17,18
222476173,22,24
222475192,1,2
222475192,17,18
222475192,22,24
222451667,1,2
222451667,9,10
222451667,17,18
222451667,22,24
222451638,1,2
222451638,17,18
222451638,22,24
222448155,17,19
222310714,17,19
222258484,1,2
222258484,17,19
222107233,1,2
222107233,9,10
222107233,17,18
222105378,1,2
222105378,9,10
222105378,17,18
222103788,1,2
222103788,9,10
222103788,17,18
222102814,1,2
222102814,9,10
222102814,17,18
222102353,1,2
222102353,9,10
222102353,17,18
222096761,1,2
222096761,9,10
222096761,17,18
221895108,1,2
221895108,17,18
221895108,22,24
221875347,1,2
221875347,9,10
221875347,17,18
221875347,22,24
221831690,1,2
221831690,17,18
221831690,22,24
221810861,1,2
221810861,17,18
221804510,1,2
221804510,17,19
221804510,22,24
221803525,1,2
221803525,17,19
221803525,22,24
221803424,1,2
221803424,9,10
221803424,17,18
221803424,22,24
221802362,17,18
221802362,22,24
221662972,1,2
221662972,9,10
221662972,17,18
221662436,1,2
221662436,9,10
221662436,17,18
221660794,1,2
221660794,9,10
221660794,17,18
221650654,1,2
221650654,9,10
221650654,17,18
221644406,1,2
221644406,9,10
221644406,17,18
221643658,1,2
221643658,9,10
221643658,17,18
221642810,1,2
221642810,9,10
221642810,17,18
221642278,1,2
221642278,9,10
221642278,17,18
221641131,1,2
221641131,9,10
221641131,17,18
221640809,1,2
221640809,9,10
221640809,17,18
221640162,1,2
221640162,17,18
221639227,1,2
221639227,9,10
221639227,17,18
221409944,1,2
221409944,9,10
221409944,17,18
221407839,17,19
221405938,1,2
221405938,9,10
221405938,17,18
221405282,1,2
221405282,9,10
221405282,17,18
221402624,1,2
221402624,9,10
221402624,17,18
221398969,1,2
221398969,9,10
221398969,17,18
221397260,1,2
221397260,9,10
221397260,17,18
221395722,1,8
221395722,17,18
221394374,1,2
221394374,9,10
221394374,17,18
221392011,1,2
221392011,9,10
221392011,17,18
221320580,17,19
220910024,17,18
220910024,22,24
220901735,1,2
220901735,17,18
220901735,22,24
220901643,17,18
220901643,22,24
220870493,1,2
220870493,17,19
220738861,1,2
220738861,9,11
220738861,17,19
220738861,22,24
220738016,1,8
220738016,17,18
220738016,22,24
220737667,1,2
220737667,9,10
220737667,17,18
220737667,22,24
220702041,1,2
220702041,17,18
220700855,1,2
220700855,17,18
220699732,1,2
220699732,17,18
220698450,1,2
220698450,17,18
220694894,1,2
220694894,17,18
220693914,1,2
220693914,17,18
220693600,1,2
220693600,17,18
220693238,1,2
220693238,17,18
220691214,1,2
220691214,17,18
220689281,1,2
220689281,17,18
220688606,1,2
220688606,17,18
220687210,1,2
220687210,17,18
220668008,1,2
220668008,17,18
220552907,1,2
220552907,9,10
220552907,17,18
220551922,1,2
220551922,9,10
220551922,17,18
220546486,1,2
220546486,9,10
220546486,17,18
220525331,9,10
220525331,17,18
220497258,1,2
220497258,17,18
220493081,1,2
220493081,17,20
220493081,22,24
220492821,1,2
220492821,17,18
220486251,1,2
220486251,17,18
220484199,1,2
220484199,17,18
220483108,1,2
220483108,17,18
220482137,1,2
220482137,17,18
220481268,1,2
220481268,17,18
220479802,1,2
220479802,17,18
220479505,1,2
220479505,17,18
220479189,1,2
220479189,17,18
220478321,1,2
220478321,17,18
220476406,1,2
220476406,17,20
220444932,1,2
220444932,17,19
220444384,1,2
220444384,17,19
220384365,17,19
220384365,22,24
220320844,1,2
220320844,9,10
220320844,17,19
220320092,1,2
220320092,9,10
220320092,17,18
220318529,1,2
220318529,17,18
220315427,1,2
220315427,9,10
220315427,17,18
220314620,1,2
220314620,9,10
220314620,17,18
220311155,1,2
220311155,9,10
220311155,17,18
220311155,22,24
220308310,1,2
220308310,17,18
220308310,22,24
220307636,1,2
220307636,17,18
220307636,22,24
220289376,22,24
220275701,1,2
220275701,9,10
220275701,17,19
220275701,22,24
220245418,1,2
220245418,17,18
220245418,22,24
220234427,1,2
220234427,9,10
220234427,17,18
220234427,22,24
220234427,22,35
220234127,1,2
220234127,17,18
220119106,17,19
219915091,17,18
219816577,17,18
219783624,1,2
219783624,17,19
219778053,1,2
219778053,9,10
219778053,17,18
219777500,1,2
219777500,17,18
219772284,1,2
219772284,17,18
219771220,1,2
219771220,9,10
219771220,17,18
219770474,1,2
219770474,17,18
219764606,1,2
219764606,9,10
219764606,17,18
219638981,1,8
219638981,17,18
219387595,1,2
219387595,17,18
219369305,1,2
219369305,9,10
219369305,17,18
219363289,1,2
219363289,9,10
219363289,17,18
219363289,22,24
219362486,1,2
219362486,17,18
219362486,22,24
219362134,1,2
219362134,17,18
219362134,22,24
219361531,1,2
219361531,9,10
219361531,17,18
219361531,22,24
219359247,1,2
219359247,9,10
219359247,17,18
219359247,22,24
219358284,1,2
219358284,17,18
219358284,22,24
219310269,17,18
219177004,1,2
219177004,17,18
219136950,1,2
219136950,17,18
218528221,17,19
218247926,1,8
218247926,17,18
218247926,22,24
218021503,17,18
218020992,17,19
217897348,17,18
217897348,22,24
217496672,1,8
217496672,17,18
217370167,1,8
217370167,17,19
217158321,1,8
217158321,17,18
217154393,1,8
217154393,17,18
216293885,22,24
215998249,17,19
215997978,17,19
215750470,17,19
215575711,1,8
215575711,17,18
215312940,1,8
215312940,17,19
215043955,1,8
215043955,17,18
214909214,17,18
214909214,22,24
214478525,1,8
214478525,17,19
214476941,1,8
214476941,17,19
214475996,1,8
214475996,17,18
214473803,1,8
214473803,17,18
214467851,1,8
214467851,17,18
214269933,1,8
214269933,17,19
214265565,1,8
214265565,17,18
214014235,1,8
214014235,17,19
214014235,22,24
213532225,17,19
213532225,22,24
212723592,1,8
212723592,17,18
212715531,1,8
212715531,17,18
212714130,1,8
212714130,17,18
212703462,1,8
212703462,17,19
212252833,1,8
212252833,17,18
212252833,22,24
211894750,1,8
211894750,17,18
211876432,1,8
211876432,17,18
211856235,1,8
211856235,17,18
211855830,1,8
211855830,17,19
211854301,1,8
211854301,17,19
211852453,1,8
211852453,17,18
208355146,1,8
208355146,17,19
208354012,1,8
208354012,17,19
207478865,17,18
207478865,22,24
206877812,17,18
203798682,1,2
203798682,17,18
203798682,22,24
202575551,17,18
202575551,22,24
202494935,17,18
202494935,22,24
199755670,17,20
199755670,22,24
199004592,17,19
199004592,22,24
195397131,17,19
195291392,17,19
194552009,17,18
194062093,17,19
191856367,17,20
189987169,17,18
189987169,22,24
188931545,17,19
188931545,22,24
186883433,1,2
186883433,17,18
186883433,22,24
186883395,1,2
186883395,17,18
186883395,22,24
186230100,1,2
186230100,9,11
186230100,17,18
186230100,22,24
185809397,17,20
185312846,1,8
185312846,17,18
184473292,1,8
184473292,17,19
183601988,17,19
183417736,1,2
183417736,17,18
183417736,22,24
182563257,17,18
182563257,22,24
181677314,17,19
181677314,22,24
179959342,9,10
178762133,17,18
178580612,1,8
178580612,17,18
178580612,22,24
177209935,1,2
177209935,17,18
177209934,1,2
177209934,17,18
177209928,1,2
177209928,17,18
177209927,1,2
177209927,17,18
177104119,17,19
177104092,17,19
177070178,17,18
176998631,17,18
176998631,22,24
175932634,9,11
174661068,17,19
173690082,1,8
173478889,1,8
173478889,17,18
173478889,22,24
173312163,1,2
173312163,17,18
172677567,1,2
172677567,17,18
172677567,22,24
172374895,1,2
172374895,17,18
172360806,17,19
172234456,17,18
172234456,22,24
172201142,1,2
172201142,17,19
171747302,1,2
171747302,17,18
171600836,17,20
171574253,17,19
171392226,22,24
171214447,17,19
171027963,1,2
171027963,17,18
171021263,17,18
170950544,17,19
170855742,1,2
170855742,9,10
170850751,1,2
170850751,17,18
170850659,1,2
170850659,17,18
170849869,1,2
170849869,17,18
170849435,1,2
170849435,17,18
170849023,1,2
170849023,17,18
170848858,1,2
170848858,17,18
170848781,1,2
170848781,17,18
170848108,1,2
170848108,17,19
170846677,1,2
170846677,17,18
170846093,1,2
170846093,17,18
170845426,1,2
170845426,17,18
170827610,1,2
170827610,17,18
170827326,1,2
170827326,17,18
170827031,1,2
170827031,17,18
170826878,1,2
170826878,17,18
170826563,1,2
170826563,17,18
170826527,1,2
170826527,17,18
170667698,17,18
170496849,1,2
170496849,9,10
170496849,17,18
170496681,1,2
170496681,17,18
170495437,1,2
170495437,9,10
170495437,17,18
170493175,1,2
170493175,9,10
170493175,17,18
170491123,1,2
170491123,9,10
170491123,17,18
170489936,1,2
170489936,17,18
170485198,1,2
170485198,9,10
170485198,17,18
170484827,1,2
170484827,9,10
170484827,17,18
170484260,1,2
170484260,9,10
170484260,17,18
170482597,1,2
170482597,9,10
170482597,17,18
170481012,1,2
170481012,9,10
170481012,17,18
170338478,1,2
170338478,9,10
170338478,17,18
170333485,1,2
170333485,17,18
170330924,1,2
170330924,9,10
170330924,17,18
170317630,17,18
170316239,1,2
170316239,17,18
170312702,1,2
170312702,17,20
170308550,1,2
170308550,17,18
170291076,1,2
170291076,9,10
170291076,17,18
170291076,22,24
170275486,1,2
170275486,9,10
170275486,17,18
170275486,22,24
170133022,1,2
170133022,17,18
170130685,1,2
170130685,17,18
170130173,1,2
170130173,17,18
170129331,1,2
170129331,17,19
170128952,1,2
170128952,17,18
170128320,1,2
170128320,17,18
170091507,17,19
170021042,1,2
170021042,17,18
170020925,1,2
170020925,9,10
170020925,17,18
170020683,17,18
170019476,1,2
170019476,9,10
170019476,17,18
169970867,17,18
169970867,22,24
169925911,17,19
169925508,17,19
169925363,17,19
169925183,17,19
169924942,17,19
169924832,17,19
169924621,1,2
169924621,17,19
169846667,17,19
169839133,17,18
169839133,22,24
169775333,1,2
169775333,17,18
169775333,22,24
169774541,1,2
169774541,17,18
169774541,22,24
169630512,1,2
169630512,17,18
169630010,1,2
169630010,9,10
169630010,17,18
169628224,1,2
169628224,9,10
169628224,17,18
169626482,1,2
169626482,9,10
169626482,17,18
169620595,1,2
169620595,9,10
169620595,17,18
169619373,1,2
169619373,17,18
169619289,1,2
169619289,17,18
169618514,1,2
169618514,17,18
169617247,1,8
169617247,17,18
169615654,1,2
169615654,9,10
169615654,17,18
169611925,1,2
169611925,17,18
169610684,1,2
169610684,17,18
169609986,1,2
169609986,9,10
169609986,17,18
169603070,17,19
169594072,9,10
169407079,1,2
169407079,17,18
169363806,17,19
169273940,1,2
169273940,9,10
169273940,17,18
169183117,1,2
169183117,17,18
169178952,1,2
169178952,17,18
169178168,1,2
169178168,17,18
169071831,1,2
169071831,17,18
169063621,1,2
169063621,17,18
169062664,1,2
169062664,17,18
169061110,1,2
169061110,17,18
169061021,17,18
169061021,22,24
169059699,1,2
169059699,17,18
169059472,1,2
169059472,17,18
169058506,1,2
169058506,17,18
169057254,1,2
169057254,17,18
169056637,1,2
169056637,17,18
169056335,1,2
169056335,17,18
169056044,1,2
169056044,17,18
169055395,1,2
169055395,17,18
169055187,1,2
169055187,17,18
169054882,1,2
169054882,17,18
169054664,1,2
169054664,17,18
169054275,1,2
169054275,17,18
169052941,1,2
169052941,17,18
169052304,1,2
169052304,17,18
169051579,1,2
169051579,9,10
169051579,17,18
169050823,1,2
169050823,9,10
169050823,17,18
169050170,1,2
169050170,9,10
169050170,17,18
169049112,1,2
169049112,9,10
169049112,17,18
169049053,1,2
169049053,9,10
169049053,17,18
169048840,1,2
169048840,9,10
169048840,17,18
169048042,1,2
169048042,9,10
169048042,17,18
169047974,1,2
169047974,9,10
169047974,17,18
169047942,1,2
169047942,9,10
169047942,17,18
169047828,1,2
169047828,9,10
169047828,17,18
169047802,1,2
169047802,9,10
169047802,17,18
169047449,9,10
169047402,1,2
169047402,9,10
169047402,17,18
169047263,1,2
169047263,9,10
169047263,17,18
169047121,1,2
169047121,9,10
169047121,17,18
169046386,1,2
169046386,17,18
169046230,1,2
169046230,17,18
169046209,1,2
169046209,9,10
169046209,17,18
169046080,1,2
169046080,17,18
169042501,1,2
169042501,9,10
169042501,17,18
169042010,1,2
169042010,9,10
169042010,17,18
169041338,1,2
169041338,17,18
169040682,1,2
169040682,17,18
169040238,1,2
169040238,9,10
169040238,17,18
169038623,1,2
169038623,9,10
169038623,17,18
169037757,1,2
169037757,17,18
169036669,1,2
169036669,9,10
169036669,17,18
169036619,1,2
169036619,9,10
169036619,17,18
169036566,1,2
169036566,9,10
169036566,17,18
169031340,17,19
169003390,17,19
168991272,17,19
168326511,17,18
168111156,1,2
168111156,17,18
168107764,1,2
168107764,17,18
168104436,1,2
168104436,17,18
168095166,17,18
168095166,22,24
168094462,17,18
167955396,1,2
167955396,9,10
167955396,17,18
167953608,1,2
167953608,9,10
167953608,17,18
167952613,1,2
167952613,9,10
167952613,17,18
167915215,1,2
167915215,17,18
167915215,22,24
167915213,1,2
167915213,9,11
167915213,17,18
167915213,22,24
167861401,17,19
167860927,17,19
167711654,1,2
167711654,17,18
167529251,1,2
167529251,9,20
167529251,17,19
167482783,1,2
167482783,17,18
167427559,1,2
167427559,9,10
167427559,17,18
167426670,1,2
167426670,17,18
167390274,1,2
167390274,17,18
167385968,1,2
167385968,17,18
167385608,1,2
167385608,17,18
167383453,1,2
167383453,17,18
167379040,1,2
167379040,17,18
167378582,1,2
167378582,17,18
167377854,1,2
167377854,17,18
167377270,17,18
167376731,1,2
167376731,17,18
167376386,1,2
167376386,17,18
167376079,1,2
167376079,17,18
167375658,1,2
167375658,17,18
167374891,1,2
167374891,17,18
167374463,1,2
167374463,17,18
167373983,1,2
167373983,17,18
167372889,1,2
167372889,17,18
167372419,1,2
167372419,17,18
167371188,1,2
167371188,17,18
167370546,1,2
167370546,17,18
167370405,1,2
167370405,17,18
167370247,1,2
167370247,17,18
167369991,1,2
167369991,17,18
167368985,1,2
167368985,17,18
167368034,1,2
167368034,17,18
167367823,1,2
167367823,17,18
167367654,1,2
167367654,17,18
167367386,1,2
167367386,17,18
167366998,1,2
167366998,17,18
167366806,1,2
167366806,17,18
167365940,1,2
167365940,17,18
167269055,1,2
167269055,17,18
167266418,1,2
167266418,9,10
167266418,17,18
167265661,17,18
167261556,1,2
167261556,9,10
167261556,17,18
167257100,1,2
167257100,9,10
167257100,17,19
167256127,1,2
167256127,9,10
167256127,17,18
167240713,1,2
167240713,17,18
167225443,1,2
167225443,17,18
167222746,1,2
167222746,17,18
167222746,22,24
167211885,1,2
167211885,17,18
167211847,1,2
167211847,17,18
167210564,1,2
167210564,17,18
167210432,1,2
167210432,17,18
167210251,1,8
167210251,17,18
167199457,1,2
167199457,17,18
167198856,17,18
167198769,1,2
167198769,17,18
167178995,17,18
167178837,17,18
167176177,17,19
167175820,17,19
167175506,17,18
167118699,1,2
167118699,17,18
167118699,22,24
167093776,17,18
167070813,17,19
167042593,17,18
167021717,17,19
167021582,17,19
167016773,17,18
167015245,17,18
167014560,17,18
167014135,17,18
167013807,17,18
167011982,17,18
167011288,17,18
166910851,17,18
166896182,22,24
166895948,17,19
166895948,22,24
166894498,17,18
166894498,22,24
166882449,17,20
166881629,17,20
166880131,17,20
166879780,17,20
166872927,1,2
166872927,9,10
166872927,17,18
166870611,1,2
166870611,9,10
166870611,17,18
166869723,1,2
166869723,9,10
166869723,17,18
166868864,1,2
166868864,9,10
166868864,17,18
166856745,1,2
166856745,17,18
166856244,1,2
166856244,17,18
166855172,1,2
166855172,17,18
166852290,1,2
166852290,17,18
166851180,1,2
166851180,17,18
166851097,17,18
166851097,22,24
166850397,1,2
166850397,17,18
166849767,1,2
166849767,17,18
166848104,1,2
166848104,17,18
166847758,1,2
166847758,17,18
166845124,1,2
166845124,17,18
166844835,17,18
166844564,1,2
166844564,17,18
166844482,17,18
166843976,1,2
166843976,17,18
166843519,1,2
166843519,17,18
166842953,1,2
166842953,17,18
166842526,1,2
166842526,17,18
166841768,1,2
166841768,17,18
166841405,1,2
166841405,17,18
166840562,1,2
166840562,17,18
166839396,1,2
166839396,17,18
166821586,1,2
166821586,9,10
166821586,17,19
166821586,22,24
166792173,17,19
166791462,17,19
166657839,9,10
166657839,17,18
166656647,9,10
166656647,17,18
166654560,9,10
166654560,17,18
166652920,9,10
166652920,17,18
166650798,9,10
166650798,17,18
166649737,1,2
166649737,9,10
166649737,17,18
166645437,1,2
166645437,9,10
166645437,17,18
166642461,1,2
166642461,9,10
166642461,17,18
166642315,1,2
166642315,9,10
166642315,17,18
166641422,1,2
166641422,9,10
166641422,17,19
166636690,1,2
166636690,17,19
166635651,1,2
166635651,9,10
166635651,17,18
166635095,17,19
166634982,1,2
166634982,17,18
166633738,1,2
166633738,9,10
166633738,17,18
166617609,17,18
166617190,17,18
166574534,1,2
166574534,17,19
166574534,22,24
166558827,1,2
166558827,17,18
166558827,22,24
166461317,1,8
166461317,17,19
166442851,17,19
166281523,1,2
166281523,17,18
166272510,17,18
166272294,17,18
166272003,17,18
166270797,17,18
166269993,17,18
166269010,17,18
166262828,17,18
166262828,22,24
166091447,17,18
166090502,17,18
165970209,1,2
165970209,9,10
165970209,17,18
165969789,1,2
165969789,9,10
165969789,17,18
165964857,1,2
165964857,9,10
165964857,17,18
165948978,1,8
165948978,17,20
165945346,1,2
165945346,17,18
165942403,1,2
165942403,17,18
165904319,1,2
165904319,17,18
165902812,1,2
165902812,17,18
165891088,1,2
165891088,17,18
165891088,22,24
165830350,1,2
165830350,17,18
165745358,1,2
165745358,17,19
165745358,22,24
165642512,17,19
165567843,1,2
165567843,9,10
165567843,17,18
165552587,1,2
165552587,9,10
165552587,17,18
165547995,1,2
165547995,9,10
165547995,17,18
165546961,1,2
165546961,9,10
165546961,17,18
165534049,1,2
165534049,17,18
165527847,1,8
165527847,17,18
165519519,1,2
165519519,17,19
165132080,1,2
165132080,17,18
165132080,22,24
165048402,9,10
165048402,17,18
165044748,17,19
165044360,1,2
165044360,9,10
165044360,17,18
164455089,17,18
164097909,1,8
164097909,17,18
164097909,22,24
164038329,1,2
164038329,17,18
164023806,1,8
164023806,17,18
163997517,17,18
163150336,17,19
163150336,22,27
162082646,1,8
162082646,17,19
162082646,22,24
162082102,1,8
162082102,17,19
162082102,22,24
162079200,1,2
162079200,17,19
162079200,22,24
162079192,1,8
162079192,17,19
162079192,22,24
162079176,1,8
162079176,17,19
162079176,22,24
161694702,1,2
161694702,17,19
161694702,22,24
161694547,1,2
161694547,17,19
161694547,22,24
161588127,1,2
161588127,9,11
161588127,17,18
161588127,22,24
161319633,17,19
161319633,22,24
161015611,17,19
160990446,17,19
160990446,22,24
160989209,17,18
160989209,22,24
160967018,17,19
160967018,22,24
160313829,1,8
160313829,17,19
160313829,22,24
160115790,1,2
160115790,17,18
160115790,22,24
158798957,17,19
158798957,22,24
157807790,17,18
157751485,1,2
157751485,9,11
157751485,17,18
157667442,1,8
157667442,17,18
156900753,1,2
156900753,17,18
156900753,22,24
154876417,17,18
154750753,17,18
154750753,22,24
154279546,17,18
154279017,17,18
154278691,17,18
153647226,1,8
153647226,17,18
153647226,22,24
152772123,17,18
151131889,17,18
151131889,22,24
150523140,17,18
150523140,22,24
150523118,17,18
150523118,22,24
150523117,17,18
150523117,22,24
148687299,17,19
148111247,17,18
148111247,22,24
147656077,1,2
147656077,9,11
147656077,17,19
147656077,22,24
145698443,17,19
145392551,17,18
145392551,22,24
144920459,17,19
143816742,1,2
143816742,9,20
143816742,17,18
143816742,22,24
142317534,17,19
142317455,17,19
141383743,17,19
141383743,22,24
139671147,1,8
139671147,17,18
139671147,22,24
139191135,1,2
139191135,17,18
139191135,22,24
138371723,17,18
138308292,1,8
138308292,17,19
138195151,17,19
138154611,17,19
138031829,17,19
138031430,17,19
138028819,17,20
138027953,17,19
137978037,17,19
137696233,17,18
137419713,1,2
137419713,9,11
137419713,17,18
137419713,22,24
136989641,17,19
136985885,17,18
136910113,17,19
136910069,17,19
136909747,17,19
136879741,17,19
136525758,17,19
136524549,17,19
136511758,17,18
133808305,17,18
133808305,22,24
133606425,17,18
132470938,17,18
132167998,1,2
132167998,17,18
132167740,1,2
132167740,17,18
131245911,1,8
131245911,17,18
130950834,1,8
130950834,17,19
130949009,1,8
130949009,17,20
130036358,1,2
130036358,17,18
130034049,1,2
130034049,17,18
129717960,1,2
129717960,17,18
129337530,17,19
129337530,22,24
127985959,1,2
127985959,17,18
127982953,1,2
127982953,17,19
127839354,1,2
127839354,17,18
127762412,1,2
127762412,17,18
127762412,22,24
127748512,17,19
127361231,17,19
127127184,1,2
127127184,17,18
126987177,17,18
126987177,22,24
126677185,1,2
126677185,17,18
126675738,1,2
126675738,17,18
126675154,1,2
126675154,17,18
126674970,1,2
126674970,17,18
126660606,1,2
126660606,17,18
126660429,1,2
126660429,17,18
126659295,1,2
126659295,17,18
126658967,1,2
126658967,17,18
126658267,1,2
126658267,17,18
126658144,1,2
126658144,17,18
126657696,1,2
126657696,17,18
126657636,1,2
126657636,17,18
126657506,1,2
126657506,17,18
126657172,1,2
126657172,17,18
126655821,1,2
126655821,17,18
126370805,1,2
126370805,17,18
126369361,1,2
126369361,17,18
126364640,17,18
126360290,1,2
126360290,17,18
126359897,1,2
126359897,17,18
126358315,1,2
126358315,17,18
126357881,1,2
126357881,17,18
126357843,1,2
126357843,17,18
126355606,1,2
126355606,17,18
126222244,1,2
126222244,17,18
126222244,22,24
126214232,1,8
126214232,17,18
126214232,22,24
126090196,1,2
126090196,17,18
126082673,1,2
126082673,17,18
126081828,1,2
126081828,17,18
126080340,1,2
126080340,17,18
126079859,1,2
126079859,17,18
126079597,1,2
126079597,17,18
126078112,1,2
126078112,17,18
126077632,1,2
126077632,17,18
126077576,1,2
126077576,17,18
126069288,1,2
126069288,17,18
125794430,1,2
125794430,9,10
125794430,17,18
125794430,22,24
125793997,1,2
125793997,9,10
125793997,17,18
125793997,22,24
125791410,1,2
125791410,17,18
125791207,1,2
125791207,9,10
125791207,17,18
125791207,22,24
125788825,1,2
125788825,9,10
125788825,17,18
125788825,22,24
125787757,1,2
125787757,9,10
125787757,17,18
125787757,22,24
125786226,1,2
125786226,9,10
125786226,17,18
125786226,22,24
125785130,1,2
125785130,9,10
125785130,17,18
125785130,22,24
125624813,1,2
125624813,17,19
125318121,1,2
125318121,17,18
125293337,1,2
125293337,17,18
125159658,1,2
125159658,17,19
125159658,22,24
125070030,1,2
125070030,22,24
125066804,1,2
125066804,17,18
125066372,1,2
125066372,17,19
125035172,1,2
125035172,17,18
125030165,1,2
125030165,9,10
125030165,17,18
125030165,22,24
124899587,1,8
124899587,17,18
124899067,1,8
124899067,17,18
124799205,17,19
124717789,1,2
124717789,17,19
124602907,1,2
124602907,9,10
124602907,17,18
124602907,22,24
124411606,1,2
124411606,17,18
124411048,1,2
124411048,17,18
124407112,1,2
124407112,17,18
124406994,1,2
124406994,17,18
124394691,1,2
124394691,17,19
124394316,1,2
124394316,17,18
124284514,9,10
124277867,9,10
124276842,9,10
124271143,1,2
124271143,9,10
124271143,17,18
124271143,22,24
124269893,1,2
124269893,9,10
124269893,17,18
124269893,22,24
124269133,9,10
124269133,17,18
124269133,22,24
124267864,9,10
124267864,17,18
124267864,22,24
124266479,1,2
124266479,17,18
124258427,1,2
124258427,17,18
124258427,22,24
124258065,1,2
124258065,17,18
124258065,22,24
124257674,1,2
124257674,17,18
124257674,22,24
124257542,1,2
124257542,17,18
124257542,22,24
124257389,1,2
124257389,9,10
124257389,17,18
124257389,22,24
124255509,17,18
124255509,22,24
124255293,17,18
124255293,22,24
124253939,17,18
124253939,22,24
124253676,1,2
124253676,9,10
124253676,17,18
124253676,22,24
124253213,22,24
124252814,1,2
124252814,17,18
124252814,22,24
124251140,17,18
124251140,22,24
124250976,17,19
124250976,22,24
124250790,17,18
124250790,22,24
124250455,1,2
124250455,17,18
124250455,22,24
124250405,1,2
124250405,17,18
124250405,22,24
124250082,1,2
124250082,17,18
124250082,22,24
124250001,1,2
124250001,17,18
124250001,22,24
124249870,1,2
124249870,17,18
124249870,22,24
124249738,1,2
124249738,9,10
124249738,17,19
124249738,22,24
124248628,1,2
124248628,17,18
124248628,22,24
124246959,1,2
124246959,9,10
124246959,17,18
124246959,22,24
124246086,17,19
124246086,22,24
124170191,9,10
124170191,17,18
124170191,22,24
124168873,1,2
124168873,9,10
124168873,17,18
124168873,22,24
124165960,9,10
124165960,17,18
124165960,22,24
124164824,9,10
124164824,17,18
124164824,22,24
123977356,1,8
123977356,17,20
123977356,22,24
123970046,1,8
123970046,17,18
123951035,1,2
123951035,17,19
123951035,22,24
123920814,9,20
123920814,17,18
123920814,22,24
123897008,1,2
123897008,9,10
123897008,17,19
123897008,22,24
123897008,22,27
123896416,1,2
123896416,9,10
123896416,17,18
123895204,1,2
123895204,9,10
123895204,17,18
123895088,1,2
123895088,9,10
123895088,17,18
123895088,22,24
123894817,1,2
123894817,9,10
123894817,17,18
123894817,22,24
123894720,1,2
123894720,9,10
123894720,17,18
123894720,22,24
123894447,1,2
123894447,9,10
123894447,17,18
123894447,22,24
123894050,1,2
123894050,9,10
123894050,17,18
123894050,22,24
123873919,9,10
123873919,17,18
123873919,22,24
123872978,9,10
123872978,17,18
123872978,22,24
123872581,17,18
123872581,22,24
123871815,9,10
123871815,17,18
123871815,22,24
123870780,9,10
123870780,17,18
123870780,22,24
123870698,17,18
123870698,22,24
123868277,9,10
123868277,17,18
123868277,22,24
123868168,9,10
123868168,17,18
123868168,22,24
123867478,1,2
123867478,17,18
123866852,1,2
123866852,17,18
123866667,1,2
123866667,17,18
123866277,1,2
123866277,17,18
123866251,9,10
123866251,17,18
123866251,22,24
123866078,1,2
123866078,17,18
123865880,1,2
123865880,17,18
123865677,1,2
123865677,17,18
123865627,17,18
123865627,22,24
123864792,17,18
123864792,22,24
123864374,9,10
123864374,17,18
123864374,22,24
123863751,9,10
123863751,17,18
123863751,22,24
123863192,1,2
123863192,9,10
123863192,17,18
123863192,22,24
123862709,17,18
123862709,22,24
123847825,1,2
123847825,17,18
123847825,22,24
123843430,1,2
123843430,17,18
123843159,1,2
123843159,17,18
123843159,22,24
123842740,1,2
123842740,17,18
123842740,22,24
123842415,1,2
123842415,17,18
123842415,22,24
123842343,1,2
123842343,17,18
123842343,22,24
123842317,1,2
123842317,17,18
123842317,22,24
123842234,1,2
123842234,17,18
123842234,22,24
123842089,1,2
123842089,17,18
123842089,22,24
123841727,1,2
123841727,17,18
123841727,22,24
123841668,1,2
123841668,17,18
123841668,22,24
123841276,1,2
123841276,17,18
123841276,22,24
123840707,1,2
123840707,17,18
123840707,22,24
123840400,1,2
123840400,17,18
123840400,22,24
123839235,1,2
123839235,17,18
123839235,22,24
123839041,1,2
123839041,17,18
123839041,22,24
123838989,1,2
123838989,17,18
123838989,22,24
123838847,1,2
123838847,17,18
123838847,22,24
123838719,1,2
123838719,17,18
123838719,22,24
123838445,1,2
123838445,17,18
123838445,22,24
123837933,1,2
123837933,17,18
123837933,22,24
123837620,1,2
123837620,17,18
123837620,22,24
123837510,1,2
123837510,17,18
123837510,22,24
123837320,1,2
123837320,17,18
123837320,22,24
123837104,1,2
123837104,17,18
123837104,22,24
123837039,1,2
123837039,17,18
123837039,22,24
123836899,1,2
123836899,17,18
123836899,22,24
123836817,1,2
123836817,17,18
123836817,22,24
123836381,1,2
123836381,17,18
123836381,22,24
123836239,1,2
123836239,17,18
123835807,1,2
123835807,17,18
123835807,22,24
123834828,1,2
123834828,17,18
123834828,22,24
123834738,1,2
123834738,17,18
123834486,1,2
123834486,17,18
123834486,22,24
123834441,1,2
123834441,17,18
123834441,22,24
123834375,1,2
123834375,17,18
123834375,22,24
123834261,1,2
123834261,17,18
123834261,22,24
123834165,1,2
123834165,17,18
123834165,22,24
123833744,1,2
123833744,17,18
123833577,1,2
123833577,17,18
123833384,1,2
123833384,17,18
123833194,1,2
123833194,17,18
123832836,1,2
123832836,17,18
123829346,1,2
123829346,17,18
123828638,1,2
123828638,17,18
123827945,1,2
123827945,17,18
123827802,1,2
123827802,17,18
123724171,1,2
123724171,17,18
123724008,1,2
123724008,17,18
123723837,1,2
123723837,17,18
123723521,1,2
123723521,17,18
123723401,1,2
123723401,17,18
123723318,1,2
123723318,17,18
123722582,1,2
123722582,17,18
123722534,9,10
123722534,17,18
123722534,22,24
123722231,1,2
123722231,17,18
123721979,1,2
123721979,17,18
123721841,1,2
123721841,17,18
123721640,1,2
123721640,17,18
123721461,1,2
123721461,17,18
123721235,1,2
123721235,17,18
123720970,1,2
123720970,17,18
123720834,1,2
123720834,17,18
123720464,1,2
123720464,17,18
123720410,17,18
123720410,22,24
123720389,1,2
123720389,17,18
123720218,1,2
123720218,17,18
123720161,1,2
123720161,17,18
123719771,1,2
123719771,17,18
123719559,1,2
123719559,17,18
123719248,1,2
123719248,17,18
123719139,1,2
123719139,17,18
123719012,1,2
123719012,17,18
123718859,1,2
123718859,17,18
123718662,1,2
123718662,17,18
123718577,1,2
123718577,17,18
123718440,1,2
123718440,17,18
123718298,1,2
123718298,17,18
123718104,1,2
123718104,17,18
123717812,17,18
123717812,22,24
123717492,1,2
123717492,17,18
123717374,1,2
123717374,17,18
123716994,1,2
123716994,17,18
123716688,1,2
123716688,17,18
123716384,1,2
123716384,17,18
123715887,1,2
123715887,17,18
123715710,1,2
123715710,17,18
123715350,1,2
123715350,17,18
123713022,9,10
123713022,22,24
123712709,1,2
123712709,17,18
123710619,17,18
123710619,22,24
123709973,17,18
123709973,22,24
123709364,9,10
123709364,22,24
123708880,9,10
123708880,22,24
123707983,17,18
123707983,22,24
123707684,17,18
123707684,22,24
123707298,17,18
123707298,22,24
123706979,17,18
123706979,22,24
123693856,1,2
123693856,17,18
123685071,1,2
123685071,17,18
123684597,1,2
123684597,17,18
123684511,1,2
123684511,17,18
123683486,1,2
123683486,17,18
123683365,1,2
123683365,17,18
123683147,1,2
123683147,17,18
123682515,1,2
123682515,17,18
123675461,1,2
123675461,17,19
123669226,17,18
123544175,1,2
123544175,17,18
123538024,1,2
123538024,17,18
123537649,1,2
123537649,17,18
123536205,1,2
123536205,17,18
123533654,1,2
123533654,17,18
123533280,1,2
123533280,17,18
123532694,1,2
123532694,17,18
123530529,1,2
123530529,17,18
123529961,1,2
123529961,17,18
123529828,1,2
123529828,17,18
123529169,17,18
123528951,1,2
123528951,17,18
123528654,1,2
123528654,17,18
123528373,1,2
123528373,17,18
123528053,1,2
123528053,17,18
123527867,1,2
123527867,17,18
123527505,1,2
123527505,17,18
123526844,1,2
123526844,17,19
123526390,1,2
123526390,17,18
123524875,1,2
123524875,17,18
123524673,1,2
123524673,17,18
123523797,1,2
123523797,17,18
123523335,1,2
123523335,17,18
123523084,1,8
123523084,17,18
123520089,1,2
123520089,17,19
123393869,1,2
123393869,9,10
123393869,17,18
123393869,22,24
123368875,17,18
123368875,22,24
123280219,1,2
123280219,17,19
123263184,1,8
123263184,17,20
123263184,22,24
123262527,17,20
123262527,22,24
123261446,1,8
123261446,17,20
123261446,22,24
123259198,1,8
123259198,17,20
123253095,1,8
123253095,17,20
123253057,17,18
123253057,22,24
123252931,1,2
123252931,9,10
123252931,17,18
123252931,22,24
123252906,1,8
123252906,9,10
123252906,17,20
123252906,22,24
123252859,1,8
123252859,17,20
123252859,22,24
123252673,17,18
123252673,22,24
123244665,1,2
123244665,9,10
123244665,17,18
123244665,22,24
123243297,9,10
123243297,22,24
123242923,17,18
123242923,22,24
123241100,17,18
123241100,22,24
123240842,17,18
123240842,22,24
123240533,1,8
123240533,17,20
123240533,22,24
123239758,17,18
123239758,22,24
123239586,1,8
123239586,17,20
123239586,22,24
123236379,17,18
123236379,22,24
123235941,17,18
123235941,22,24
123234704,17,18
123234704,22,24
123234327,1,2
123234327,9,10
123234327,17,18
123234327,22,24
123229712,1,2
123229712,17,18
123113434,17,18
123113434,22,24
123102227,17,18
123102227,22,24
123075194,1,2
123075194,17,18
123075194,22,24
123074947,1,2
123074947,17,18
123074868,1,2
123074868,17,18
123074538,1,2
123074538,17,18
122307771,1,2
122307771,17,18
122222242,17,19
122208073,17,19
122203246,1,2
122203246,17,18
122202927,1,2
122202927,17,18
122180195,1,2
122180195,17,18
122179728,1,2
122179728,17,18
122179117,1,2
122179117,17,18
122178808,1,2
122178808,17,18
122178632,1,2
122178632,17,18
122178520,1,2
122178520,17,18
122178289,1,2
122178289,17,18
122177029,1,2
122177029,17,18
122175631,1,2
122175631,17,18
122172553,1,8
122172553,17,18
122172067,1,8
122172067,17,18
122172010,1,8
122172010,17,18
122171253,1,2
122171253,17,18
122171029,1,2
122171029,17,18
122170877,1,2
122170877,17,18
122170160,1,2
122170160,17,18
122169938,1,2
122169938,17,18
122169833,1,2
122169833,17,18
122169665,1,2
122169665,17,18
122169473,1,2
122169473,17,18
122169103,1,2
122169103,17,18
122168780,1,2
122168780,17,18
122168322,1,2
122168322,17,19
122168133,1,2
122168133,17,18
122167677,1,2
122167677,17,18
122165764,1,8
122165764,17,18
122165093,1,8
122165093,17,18
122164781,1,8
122164781,17,18
122164562,1,8
122164562,17,18
122164274,1,8
122164274,17,18
122163645,1,8
122163645,17,18
122163172,1,8
122163172,17,18
122162976,1,8
122162976,17,18
122162355,1,8
122162355,17,18
122161653,1,8
122161653,17,18
122161113,1,8
122161113,17,18
122155925,1,2
122155925,17,18
122083535,1,2
122083535,17,18
122060764,17,18
122059565,17,18
122049357,1,8
122049357,17,18
121945818,17,19
121945818,22,24
121941374,1,2
121941374,17,18
121941374,22,24
121941307,17,18
121941307,22,24
121938469,17,18
121938469,22,24
121921804,1,2
121921804,17,19
121917437,1,2
121917437,17,18
121917185,1,2
121917185,17,18
121916523,1,2
121916523,17,18
121904355,1,2
121904355,9,10
121904355,17,18
121904355,22,24
121898451,1,2
121898451,17,18
121898451,22,24
121865793,1,2
121865793,17,18
121865522,1,2
121865522,17,18
121859207,1,2
121859207,17,19
121859207,22,24
121792143,1,8
121792143,17,18
121782664,1,2
121782664,17,18
121781708,1,2
121781708,17,18
121778421,1,2
121778421,17,18
121778066,1,2
121778066,17,18
121777544,1,2
121777544,17,18
121777431,1,2
121777431,17,18
121777114,1,2
121777114,17,18
121776871,1,2
121776871,17,18
121776871,22,24
121776553,1,2
121776553,17,18
121776553,22,24
121776392,1,2
121776392,17,18
121776392,22,24
121776092,1,2
121776092,17,18
121776092,22,24
121775882,1,2
121775882,17,18
121775615,1,2
121775615,17,18
121775615,22,24
121775360,1,2
121775360,17,18
121775360,22,24
121774957,1,2
121774957,17,18
121774957,22,24
121774845,1,2
121774845,17,18
121774845,22,24
121774712,1,2
121774712,17,18
121774712,22,24
121774526,1,2
121774526,17,18
121774526,22,24
121769534,1,2
121769534,9,10
121769534,17,18
121769534,22,24
121766893,1,2
121766893,17,18
121766893,22,24
121766150,1,2
121766150,17,19
121765567,1,2
121765567,17,18
121765079,1,2
121765079,17,18
121765079,22,24
121757717,1,8
121757717,17,18
121757717,22,24
121743951,1,2
121743951,17,18
121716686,1,2
121716686,17,19
121716686,22,24
121667591,1,2
121667591,17,18
121667144,1,2
121667144,17,19
121666496,1,2
121666496,17,18
121665956,1,2
121665956,17,18
121665313,1,2
121665313,17,18
121665313,22,24
121664963,1,2
121664963,17,18
121664712,1,2
121664712,17,18
121664448,1,2
121664448,17,18
121658416,1,2
121658416,17,19
121658416,22,24
121655264,1,2
121655264,9,10
121655264,17,18
121655264,22,24
121654174,1,2
121654174,17,18
121654174,22,24
121653776,1,2
121653776,17,18
121653776,22,24
121653313,1,2
121653313,17,18
121653313,22,24
121652600,1,2
121652600,17,18
121652600,22,24
121648355,9,10
121648355,17,18
121648355,22,24
121647752,1,2
121647752,17,19
121647752,22,24
121628282,17,19
121628282,22,24
121624400,1,8
121624400,17,18
121624400,22,24
121621177,1,8
121621177,17,18
121621177,22,24
121620468,1,2
121620468,9,10
121620468,17,18
121620468,22,24
121620462,1,8
121620462,17,18
121620462,22,24
121619312,1,8
121619312,17,18
121619312,22,24
121618814,1,8
121618814,17,18
121618814,22,24
121618741,1,8
121618741,17,18
121618741,22,24
121617794,1,8
121617794,17,18
121617794,22,24
121616278,1,8
121616278,17,18
121616278,22,24
121616196,1,8
121616196,17,18
121616196,22,24
121615662,1,8
121615662,17,18
121615662,22,24
121615244,1,8
121615244,17,18
121615244,22,24
121614742,1,8
121614742,17,18
121614742,22,24
121614290,1,8
121614290,17,18
121614290,22,24
121613822,1,8
121613822,17,18
121613822,22,24
121613786,1,8
121613786,17,18
121613786,22,24
121613221,1,8
121613221,17,18
121613221,22,24
121612637,1,8
121612637,17,18
121612637,22,24
121593638,1,2
121593638,17,18
121593638,22,24
121593552,1,2
121593552,17,18
121593552,22,24
121593501,1,2
121593501,17,18
121593501,22,24
121593425,1,2
121593425,17,18
121593425,22,24
121593387,1,8
121593387,17,19
121593387,22,24
121575719,1,2
121575719,17,18
121575719,22,24
121575651,1,2
121575651,17,18
121575651,22,24
121498538,1,2
121498538,9,10
121498538,17,18
121498538,22,24
121498209,1,2
121498209,17,18
121498209,22,24
121497809,1,2
121497809,17,18
121497809,22,24
121497529,1,2
121497529,17,18
121497529,22,24
121497311,1,2
121497311,17,18
121497311,22,24
121496901,1,2
121496901,17,18
121496901,22,24
121496357,1,2
121496357,17,18
121496357,22,24
121495970,1,2
121495970,9,10
121495970,17,18
121495970,22,24
121495647,1,2
121495647,17,18
121495647,22,24
121495029,1,2
121495029,17,19
121495029,22,24
121494865,1,2
121494865,17,18
121494865,22,24
121494229,1,2
121494229,17,18
121494229,22,24
121494132,1,2
121494132,17,18
121494132,22,24
121492938,1,2
121492938,17,18
121492938,22,24
121492591,1,2
121492591,17,19
121492591,22,24
121492469,1,2
121492469,17,18
121492469,22,24
121491843,1,2
121491843,17,18
121491843,22,24
121491600,1,2
121491600,17,18
121491600,22,24
121491538,1,2
121491538,17,18
121491538,22,24
121491282,1,2
121491282,17,18
121491282,22,24
121490990,1,2
121490990,17,18
121490990,22,24
121490301,1,2
121490301,17,18
121490301,22,24
121490075,17,19
121490075,22,24
121489774,1,2
121489774,17,18
121489774,22,24
121489344,1,2
121489344,17,18
121489344,22,24
121489245,17,19
121489245,22,24
121488681,1,2
121488681,17,18
121488681,22,24
121488204,1,2
121488204,17,18
121488204,22,24
121487508,1,2
121487508,17,18
121487508,22,24
121487190,1,8
121487190,17,20
121487190,22,24
121485859,1,2
121485859,17,18
121485859,22,24
121485068,1,8
121485068,17,20
121485068,22,24
121484368,1,2
121484368,17,18
121484368,22,24
121476420,17,18
121476420,22,24
121462902,1,2
121462902,17,18
121462902,22,24
121444109,17,18
121443716,17,19
121443716,22,24
121355075,17,18
121355075,22,24
121241706,1,2
121241706,17,18
121094449,1,2
121094449,9,10
121094449,17,18
121094449,22,24
121082262,1,2
121082262,17,18
121082262,22,24
121078222,17,19
121078222,22,24
121014823,1,2
121014823,17,18
121014748,17,18
121014748,22,24
121012796,1,2
121012796,17,18
121009843,1,2
121009843,17,18
121009343,1,2
121009343,17,18
121008337,1,2
121008337,17,18
121007893,17,18
121007893,22,24
121006710,1,2
121006710,17,18
121005016,1,2
121005016,17,18
121003069,1,2
121003069,17,18
121000577,1,2
121000577,17,18
120991679,1,8
120991679,17,18
120988033,1,8
120988033,17,19
120987879,1,8
120987879,17,18
120987555,1,8
120987555,17,18
120986546,1,8
120986546,17,18
120985722,1,8
120985722,17,18
120985467,1,8
120985467,17,18
120985384,1,8
120985384,17,18
120985278,1,8
120985278,17,18
120985145,1,8
120985145,17,18
120984535,1,8
120984535,17,18
120984535,22,24
120976626,1,8
120976626,17,18
120968002,1,2
120968002,9,10
120968002,17,18
120968002,22,24
120967535,1,2
120967535,9,10
120967535,17,18
120967535,22,24
120967233,1,2
120967233,9,10
120967233,17,18
120967233,22,24
120967160,1,8
120967160,17,18
120967160,22,24
120966001,1,2
120966001,17,18
120966001,22,24
120964807,1,8
120964807,17,18
120964807,22,24
120964352,1,8
120964352,17,18
120964352,22,24
120963250,1,8
120963250,17,18
120963031,1,2
120963031,17,18
120963031,22,24
120950099,17,19
120950099,22,24
120943495,1,2
120943495,17,18
120943495,22,24
120943481,1,2
120943481,17,18
120943481,22,24
120942805,1,8
120942805,17,18
120893821,17,18
120893821,22,24
120880718,17,18
120880718,22,24
120879128,17,18
120879128,22,24
120876958,1,2
120876958,9,10
120876958,17,18
120876958,22,24
120875467,1,2
120875467,9,10
120875467,17,18
120875467,22,24
120874973,17,18
120874973,22,24
120873876,1,2
120873876,9,10
120873876,17,18
120873876,22,24
120873131,1,2
120873131,9,10
120873131,17,18
120873131,22,24
120870434,17,18
120870434,22,24
120868795,17,18
120868795,22,24
120868400,17,18
120868400,22,24
120866989,17,18
120866989,22,24
120866643,17,18
120866643,22,24
120866369,17,18
120866369,22,24
120866296,17,19
120866296,22,24
120866278,17,18
120866278,22,24
120866225,17,18
120866225,22,24
120865974,1,2
120865974,9,10
120865974,17,18
120865974,22,24
120865901,1,2
120865901,9,10
120865901,17,18
120865901,22,24
120862284,17,18
120862284,22,24
120861394,17,18
120861394,22,24
120858080,17,19
120858080,22,24
120857402,17,19
120857402,22,24
120855470,17,18
120855470,22,24
120854640,17,19
120854640,22,24
120852737,1,8
120852737,17,19
120852737,22,24
120840109,1,2
120840109,17,18
120840109,22,24
120839990,1,8
120839990,17,20
120839924,1,8
120839924,17,18
120839924,22,24
120839847,1,8
120839847,17,18
120839847,22,24
120839772,1,8
120839772,17,18
120839772,22,24
120839613,1,8
120839613,17,20
120839613,22,24
120839545,17,18
120839545,22,24
120839466,1,8
120839466,17,20
120839466,22,24
120839126,17,18
120839126,22,24
120839075,1,8
120839075,17,18
120838837,1,8
120838837,17,18
120838837,22,24
120838333,1,8
120838333,17,18
120838333,22,24
120837296,1,8
120837296,17,18
120837296,22,24
120836717,1,8
120836717,17,18
120836717,22,24
120831905,17,18
120831905,22,24
120829823,1,2
120829823,9,10
120829823,17,18
120829823,22,24
120824421,1,8
120824421,9,10
120824421,17,18
120824421,22,24
120823914,1,2
120823914,17,18
120823914,22,24
120823850,1,2
120823850,9,10
120823850,17,18
120823850,22,24
120823816,17,18
120823816,22,24
120823289,1,2
120823289,17,18
120823289,22,24
120823015,1,2
120823015,17,18
120823015,22,24
120822577,1,2
120822577,17,19
120822577,22,24
120805464,1,8
120805464,17,18
120805464,22,24
120805364,1,8
120805364,17,18
120805364,22,24
120805204,1,8
120805204,17,18
120805204,22,24
120805087,1,8
120805087,17,18
120805087,22,24
120804993,1,8
120804993,17,18
120804993,22,24
120804895,1,8
120804895,17,18
120804895,22,24
120804819,1,8
120804819,17,18
120804819,22,24
120804693,1,8
120804693,17,18
120804693,22,24
120804615,1,8
120804615,17,18
120804615,22,24
120804576,1,8
120804576,17,18
120804576,22,24
120804521,1,8
120804521,17,18
120804521,22,24
120804396,1,8
120804396,17,18
120804396,22,24
120804346,1,8
120804346,17,18
120804346,22,24
120802025,1,8
120802025,17,18
120801661,1,8
120801661,17,18
120801661,22,24
120801453,1,8
120801453,17,18
120801453,22,24
120801326,1,8
120801326,17,18
120801326,22,24
120801272,1,8
120801272,17,18
120801272,22,24
120724281,1,2
120724281,17,18
120701991,1,2
120701991,17,18
120701658,1,8
120701658,17,18
120701162,1,2
120701162,17,18
120695922,1,2
120695922,17,18
120694916,1,2
120694916,17,18
120694704,1,2
120694704,17,18
120694559,1,2
120694559,17,18
120694259,1,2
120694259,17,18
120693815,1,2
120693815,17,18
120693112,1,2
120693112,17,18
120692189,1,2
120692189,17,18
120691582,1,2
120691582,17,18
120690943,1,2
120690943,17,18
120690485,1,2
120690485,17,18
120555852,1,2
120555852,17,18
120553991,1,2
120553991,17,18
120553845,1,8
120553845,17,18
120552232,1,8
120552232,17,18
120550908,1,8
120550908,17,18
120549617,1,8
120549617,17,18
120549023,1,8
120549023,17,18
120548927,1,8
120548927,17,18
120546774,1,8
120546774,17,18
120544007,1,8
120544007,17,18
120535196,1,2
120535196,17,18
120535196,22,24
120534877,1,2
120534877,17,18
120534877,22,24
120386518,1,2
120386518,17,18
120384064,1,2
120384064,17,18
120383801,1,2
120383801,17,18
120382588,1,2
120382588,17,18
120378902,1,2
120378902,17,18
120376202,1,2
120376202,17,18
120372495,1,2
120372495,17,18
120371062,1,2
120371062,17,19
120369304,9,10
120368479,1,2
120368479,17,19
120365863,1,2
120365863,17,18
120196032,1,2
120196032,17,19
120058852,1,8
120058852,17,18
120036326,17,18
120036326,22,24
120035143,1,2
120035143,17,18
120035143,22,24
120033685,1,8
120033685,17,18
120032719,1,8
120032719,17,18
120032719,22,24
119929161,17,19
119762118,1,2
119762118,17,18
119762118,22,24
119757287,17,19
119754690,17,19
119739304,17,19
119739304,22,24
119573404,17,19
119573404,22,24
119514909,1,8
119514909,17,19
119513819,1,2
119513819,17,18
119409434,1,8
119409434,17,19
119408617,1,8
119408617,17,20
119307147,17,18
118926514,17,18
118215321,17,19
118074401,1,8
117861176,1,8
117861176,9,20
117861176,17,19
117861176,22,24
117735578,1,8
117735578,9,20
117735578,17,18
117735578,22,24
117637780,1,2
117637780,17,19
117637780,22,24
117232021,1,8
116453622,1,8
116453622,17,18
116453622,22,24
115960240,17,18
115652872,1,8
115652872,17,18
115652872,22,24
114831296,17,18
113216778,1,8
113216778,17,19
113216778,22,24
112920271,17,18
112170815,1,8
112170815,17,19
111436954,17,18
110575902,17,19
110205431,17,18
108669639,17,19
108669639,22,24
108669318,17,19
108669318,22,24
108473854,17,19
108381509,1,2
108381509,9,11
108381509,17,19
108381509,22,24
107488128,1,8
107488128,17,18
107488128,22,24
107488097,1,8
107488097,17,18
107488097,22,24
106648594,17,19
106648594,22,24
104191430,1,2
104191430,17,18
104191430,22,24
103901725,17,19
103549723,1,2
103549723,9,20
103549723,17,18
103549723,22,24
103001749,17,19
102872938,17,19
102561779,1,8
102561779,17,19
102561779,22,24
102542442,17,18
102542260,17,19
102479214,17,19
102476159,17,18
102317925,17,19
102317925,22,24
101272713,17,18
101191812,1,2
101191812,17,18
101191812,22,24
100591125,17,19
100591125,22,27
100591107,17,19
100250712,1,8
100250712,9,10
100250712,17,18
100250712,22,24
99799669,17,19
99798954,17,19
99264384,17,19
97779985,1,8
97779985,17,18
97779985,22,24
97384779,17,19
97384779,22,24
97310941,17,19
97211272,1,2
97211272,9,11
97211272,17,18
97211272,22,24
96607738,17,19
96607738,22,24
96607590,17,19
96607590,22,27
96600287,17,19
96365937,17,19
96365937,22,24
95824584,17,19
95818784,17,18
95188795,17,18
95188795,22,24
94941645,1,2
94941645,17,18
94941645,22,24
94599843,9,10
94599843,17,18
94576069,17,19
94493997,1,2
94493997,17,19
94493997,22,27
92830655,1,2
92830655,9,10
92830655,17,19
92830655,22,24
92553901,17,19
91160714,17,19
91134637,17,19
91057640,17,18
91057638,17,18
91057637,17,18
91057636,17,18
87780610,1,2
87780610,17,18
87780610,22,24
86856873,17,19
86575512,17,19
86575192,17,18
86574051,17,18
86573404,17,18
86573317,17,18
86571128,17,18
86569272,17,18
86568918,17,18
86567074,17,18
86565877,17,18
86435425,17,19
86417233,17,18
86416868,17,20
86416150,17,18
86410063,17,18
86299224,17,18
86299224,22,24
86298704,1,2
86298704,9,10
86298704,17,18
86298704,22,24
86292810,1,2
86292810,17,18
86292810,22,24
86291205,17,19
86033828,17,18
85920821,17,18
85920250,17,18
85916008,17,18
85915585,17,18
85915199,17,18
85760111,17,18
85759924,17,18
85758654,17,18
85758274,17,18
85758078,17,18
85757846,17,18
85757039,17,18
85756719,17,18
85756272,17,18
85756135,17,18
85755580,17,18
85751608,17,18
85750778,17,18
85711489,17,18
85711489,22,24
85705960,17,19
85701325,17,19
85472831,17,19
85472457,17,18
85362380,17,19
85349834,17,19
85250359,17,18
85243130,17,19
85219187,1,2
85219187,9,10
85219187,17,18
85219187,22,24
85217479,17,18
85135949,17,18
85082786,17,18
85004410,22,24
84982067,17,18
84981048,17,18
84896066,17,18
84724518,17,18
84723649,17,19
84722178,17,18
84721167,17,18
84720791,17,19
84719726,17,18
84719436,17,18
84719085,17,18
84717732,17,18
84717367,17,18
84708707,17,19
84608390,17,19
84608390,22,24
84587974,17,18
84584436,17,18
84579885,17,18
84574863,17,18
84563229,17,18
84563022,17,20
84561521,17,20
84560890,17,20
84560329,17,20
84559638,17,20
84558176,17,18
84557433,17,20
84555759,17,20
84554964,17,20
84554478,17,18
84554137,17,18
84553506,17,20
84552823,17,18
84551809,17,19
84465394,17,18
84465394,22,24
84464651,17,18
84464651,22,24
84460796,1,2
84460796,9,10
84460796,17,18
84460796,22,24
84456440,17,18
84456440,22,24
84440552,17,18
84430712,22,24
84430583,17,18
84430583,22,24
84429937,17,18
84429937,22,24
84429610,17,18
84429610,22,24
84334161,22,24
84333498,1,2
84333498,9,10
84333498,17,18
84333498,22,24
84332044,17,18
84332044,22,24
84330112,22,24
84324415,17,19
84312539,17,18
84312154,17,18
84306232,17,18
84305339,17,19
84303398,17,18
84249501,17,18
84221681,17,18
84221215,17,18
84219804,17,18
84216665,17,18
84216457,17,18
84198188,17,18
84114208,17,19
84054399,17,19
84054101,17,18
84049046,17,19
84043377,17,18
83984743,17,19
83984173,17,19
83980067,22,24
83978371,17,18
83978371,22,24
83975122,17,18
83975122,22,24
83974715,22,24
83973884,17,18
83973884,22,24
83973593,17,18
83973593,22,24
83972712,17,18
83972712,22,24
83971664,22,24
83957143,17,18
83930460,17,18
83881137,1,2
83881137,17,19
83881137,22,24
83880884,1,2
83880884,17,19
83880884,22,24
83880683,1,2
83880683,17,19
83880683,22,24
83873384,1,2
83873384,9,10
83873384,17,19
83873384,22,24
83860923,17,19
83856680,1,2
83856680,17,19
83856614,17,19
83856447,17,19
83856388,17,19
83823669,17,18
83818029,17,19
83804668,17,19
83803716,17,19
83784848,17,18
83784720,17,18
83784067,17,18
83783766,17,18
83783343,17,18
83783233,17,18
83782892,17,19
83691263,17,18
83669840,1,2
83669840,17,19
83669840,22,24
83668410,1,2
83668410,17,19
83668410,22,24
83668118,1,2
83668118,17,19
83668118,22,24
83667093,1,2
83667093,17,19
83667093,22,27
83666066,1,2
83666066,17,19
83666066,22,27
83663621,1,2
83663621,17,19
83663621,22,24
83653767,17,20
83639956,17,18
83637215,17,19
83546064,17,19
83538592,9,10
83538592,17,19
83424246,17,18
83413433,1,8
83413433,17,19
83306129,17,18
83302728,17,18
83302581,17,18
83293877,17,18
83292811,17,18
83292479,17,18
83292366,17,18
83291687,17,18
83290815,17,18
83290038,17,18
83289940,17,20
83144664,17,18
83082981,17,19
83052726,1,8
83052670,1,8
83052670,17,19
83039179,17,18
82886497,17,18
82883386,17,18
82883386,22,24
82883192,17,18
82883192,22,24
82873539,17,18
82873539,22,24
82873417,17,18
82873417,22,24
82872440,17,18
82870392,17,18
82869674,17,18
82869157,17,18
82869157,22,24
82867965,17,18
82867965,22,24
82866633,17,18
82866633,22,24
82866366,17,18
82866366,22,24
82864280,17,18
82864280,22,24
82864091,17,18
82864091,22,24
82863362,17,18
82863362,22,24
82862500,17,18
82862500,22,24
82862309,1,2
82862309,9,10
82862309,17,18
82862309,22,24
82732707,1,2
82732707,9,10
82732707,17,18
82732707,22,24
82727973,17,18
82711945,1,2
82711945,9,10
82711945,17,18
82711945,22,24
82710464,17,18
82710464,22,24
82708886,17,18
82708886,22,24
82708201,22,24
82708080,17,18
82708080,22,24
82707004,17,18
82706818,17,18
82706818,22,24
82706373,17,18
82706255,17,18
82705452,22,24
82704212,1,2
82704212,9,10
82704212,17,18
82704212,22,24
82703902,17,18
82703902,22,24
82696999,17,18
82696626,17,18
82696451,17,18
82695311,17,18
82693609,17,18
82691042,17,19
82689581,17,18
82686219,17,18
82535864,17,19
82433150,17,18
82432946,17,18
82432389,17,18
82431093,17,19
82427834,17,18
82427744,17,18
82426401,17,19
82425850,17,18
82425127,17,18
82423954,17,18
82415457,17,18
82300685,17,18
82300524,17,18
82164583,17,18
82164160,17,19
82164015,17,19
82159419,17,18
82159062,17,18
82155766,17,18
82151946,17,18
82151085,17,18
82150846,17,18
82149948,17,18
82149896,17,18
82148618,17,18
82140685,17,19
82028812,17,19
82027274,1,2
82027274,9,10
82027274,17,18
81953413,17,19
81948765,17,18
81944012,17,18
81942887,17,19
81941972,17,18
81940761,17,18
81939698,17,18
81938874,17,18
81937768,1,2
81937768,17,20
81937411,17,18
81935190,17,18
81934722,17,18
81926253,17,19
81926198,17,18
81896902,17,19
81845382,17,18
81785732,17,18
81720097,17,18
81719656,17,20
81718256,9,10
81716067,17,18
81715262,17,18
81710763,17,18
81482201,17,18
81471585,17,19
81470985,17,19
81464067,17,19
81462396,17,18
81321942,1,2
81321942,17,19
81059727,17,18
81058627,17,19
81052291,17,18
81050052,17,18
80501668,1,2
80501668,9,11
80501668,17,18
80501668,22,24
80489558,1,2
80489558,9,10
80489558,17,18
80414538,17,19
80285745,17,19
80021294,1,2
80021294,17,19
76305718,1,8
76305718,17,18
76305384,1,8
76305384,17,18
75689441,17,18
75689441,22,24
75564641,17,19
75061796,1,2
75061796,9,20
75061796,17,19
74330122,17,19
72215066,1,2
72215066,17,19
71164055,17,19
71125827,17,18
70966623,17,19
70182620,1,2
70182620,9,10
70182620,17,19
68411013,17,19
68410921,17,19
68286032,17,19
68253540,17,19
68243725,17,19
67982836,17,19
67861608,17,19
67538369,17,19
67491179,1,2
67491179,17,19
67491178,1,2
67491178,17,19
67436832,17,19
67430486,17,19
67430485,17,19
67430484,17,19
67402943,17,19
67402829,17,19
67369235,17,19
67275476,17,19
67266430,17,19
67253608,17,19
67168036,17,19
67108046,17,19
66801988,17,19
66801987,17,19
66215079,17,19
65760396,17,19
65475948,17,19
65427006,1,2
65427006,17,19
65341374,1,2
65341374,17,19
65340799,1,2
65340799,17,19
60704649,1,8
60704649,9,20
60704649,17,18
60185060,9,11
60185060,17,18
58956384,9,11
58956384,17,18
58730396,17,18
55030951,17,19
53853497,17,19
53359009,17,19
53162227,17,18
53158990,17,18
52976760,17,19
52941579,17,19
52719013,17,18
52718942,17,18
52697084,17,19
52696276,17,19
52692298,17,19
52611498,1,2
52611498,17,19
52516980,17,18
52360453,1,8
52360453,17,18
52294814,17,18
52276084,1,2
52276084,9,10
52276084,17,18
52274266,17,19
52273671,1,8
52273671,17,19
52271044,17,19
52270646,1,2
52270646,9,10
52270646,17,18
52269239,17,19
52257546,17,19
52256986,17,19
52155121,17,19
52154921,1,2
52154921,17,19
52154510,17,19
52152845,1,2
52152845,17,19
52152621,1,2
52152621,17,19
52152246,1,2
52152246,17,19
52031630,1,2
52031630,9,10
52031630,17,18
52028385,1,2
52028385,9,10
52028385,17,18
52028190,1,2
52028190,9,10
52028190,17,19
52028096,1,2
52028096,9,10
52028096,17,19
52027893,1,2
52027893,9,10
52027893,17,19
52027760,1,2
52027760,9,10
52027760,17,19
52025059,1,2
52025059,17,19
52024740,1,2
52024740,17,19
52023835,1,2
52023835,9,10
52023835,17,18
52023348,1,2
52023348,17,18
51965182,1,2
51965182,9,10
51965182,17,18
51899986,1,2
51899986,17,19
51899863,1,2
51899863,17,19
51899791,1,2
51899791,17,19
51899721,1,2
51899721,17,19
51896028,17,19
51896004,17,19
51895969,17,19
51893130,17,19
51892955,17,19
51892683,17,19
51848951,1,8
51848951,17,19
51848322,1,2
51848322,17,19
51847700,1,2
51847700,17,19
51843908,1,2
51843908,17,19
51796555,1,2
51796555,9,10
51796555,17,18
51795758,1,2
51795758,9,10
51795758,17,18
51794989,1,2
51794989,9,10
51794989,17,19
51794578,1,2
51794578,17,18
51791971,1,2
51791971,17,18
51791354,1,2
51791354,9,10
51791354,17,18
51790669,1,2
51790669,9,10
51790669,17,18
51790223,1,2
51790223,9,10
51790223,17,18
51789607,1,2
51789607,9,10
51789607,17,18
51786135,1,2
51786135,17,19
51786069,1,2
51786069,9,10
51786069,17,19
51732940,17,18
51732716,17,18
51732640,17,19
51732591,17,18
51732546,17,19
51732508,17,18
51732458,17,18
51732435,17,18
51732390,17,18
51730371,17,18
51725280,1,2
51725280,17,19
51724445,1,2
51724445,9,10
51724445,17,18
51718218,1,2
51718218,17,19
51717590,1,2
51717590,17,19
51716950,1,2
51716950,17,19
51715570,1,2
51715570,17,19
51705929,17,18
51705816,17,18
51705612,17,18
51705140,17,18
51704912,17,18
51703736,17,19
51703512,1,2
51703512,9,10
51703512,17,18
51703426,1,2
51703426,9,10
51703426,17,18
51700721,17,18
51700704,17,18
51700426,17,18
51698473,17,18
51698367,17,18
51698103,17,18
51698055,1,2
51698055,9,10
51698055,17,18
51697978,17,18
51697484,1,2
51697484,9,10
51697484,17,18
51697321,1,2
51697321,9,10
51697321,17,18
51692430,1,2
51692430,17,18
51691712,17,18
51607907,17,19
51606800,17,19
51606504,17,18
51602506,17,18
51597053,1,2
51597053,9,10
51597053,17,18
51591547,1,2
51591547,17,19
51588885,17,18
51588140,17,19
51587170,1,2
51587170,9,10
51587170,17,18
51586952,1,2
51586952,17,19
51586841,17,18
51586789,1,2
51586789,17,19
51584466,1,2
51584466,9,10
51584466,17,18
51583735,17,19
51583594,17,19
51512544,1,2
51512544,17,19
51511211,17,18
51510619,1,2
51510619,9,10
51510619,17,18
51509675,1,2
51509675,17,19
51485744,17,18
51461462,17,18
51460856,17,18
51460592,17,18
51459248,17,18
51401796,1,2
51401796,17,18
51399471,1,2
51399471,17,19
51399075,1,2
51399075,17,19
51397889,1,2
51397889,9,10
51397889,17,18
51395822,1,2
51395822,17,19
51395525,1,7
51395476,17,19
51394937,17,19
51394437,17,18
51394363,17,19
51393272,1,7
51393272,17,19
51393185,17,19
51393060,17,19
51392190,17,19
51391828,17,19
51390598,1,2
51390598,9,10
51390598,17,18
51389432,17,19
51376462,17,18
51372351,17,19
51372038,17,19
51371482,17,19
51370596,17,19
51370404,17,19
51267708,17,18
51266912,17,18
51266773,17,18
51266644,17,18
51266586,17,18
51266478,17,18
51266422,17,18
51266356,17,18
51266221,17,18
51266148,17,18
51266042,17,18
51266001,17,19
51265959,17,18
51265903,17,18
51265210,17,18
51264851,17,18
51264541,17,18
51264269,17,18
51263830,17,18
51262790,17,18
51262117,17,18
51262112,17,18
51261924,17,18
51261903,17,18
51261667,17,18
51261452,17,18
51261418,17,18
51260871,17,19
51253264,17,18
51252846,17,18
51252704,1,2
51252704,9,10
51252704,17,18
51252556,17,18
51251877,1,2
51251877,9,10
51251877,17,18
51251126,17,18
51250418,17,19
51246754,1,2
51246754,9,10
51246754,17,18
51245173,17,18
51128226,17,19
51127311,17,19
51126970,17,19
51125787,17,18
51119949,17,18
51119692,17,19
51119127,17,18
51117737,17,18
51114621,17,18
51114341,17,18
51113293,17,18
51112530,17,18
51112383,17,18
51111690,17,18
51111515,17,18
51110880,17,18
51110278,17,18
51110195,17,18
51107907,17,18
51107462,17,18
51107406,17,18
51105477,17,18
51103586,17,18
51102877,17,18
51027080,1,2
51027080,17,19
51026596,1,2
51026596,9,10
51026596,17,18
51011619,17,18
51009539,17,18
51007796,17,18
51007135,17,18
51007081,1,2
51007081,9,10
51007081,17,18
51006638,17,18
51006435,17,18
51006081,17,18
51005899,17,18
51005773,9,10
51005773,17,18
51004138,17,18
51003041,17,19
51002657,17,19
51002254,17,19
51001875,17,19
51001337,17,19
51001103,17,19
51000742,17,19
51000394,17,19
51000219,17,19
50999974,17,19
50999588,17,19
50998751,17,19
50997966,17,19
50997525,17,19
50996533,17,19
50995671,17,19
50994866,17,19
50994349,17,19
50993927,17,19
50993471,17,19
50993227,17,18
50992915,17,19
50984499,1,2
50984499,9,10
50984499,17,18
50983073,17,19
50982909,17,18
50982215,17,19
50895974,17,18
50894847,1,2
50894847,9,10
50894847,17,18
50894381,17,18
50893419,17,18
50892935,17,18
50892431,1,8
50892431,17,18
50891217,17,18
50891122,17,18
50890956,17,18
50883890,17,18
50883096,17,18
50882468,17,18
50882382,17,18
50882237,17,18
50881437,17,18
50837995,17,18
50792297,17,18
50791754,17,18
50782207,17,18
50774759,1,2
50774759,9,10
50774759,17,18
50774135,1,2
50774135,9,10
50774135,17,19
50701693,17,18
50701683,17,18
50701649,17,18
50701615,17,18
50701600,1,2
50701600,17,18
50700208,1,7
50700208,17,18
50699821,1,2
50699821,17,18
50680456,1,2
50680456,9,10
50680456,17,18
50680428,1,2
50680428,9,10
50680428,17,18
50673854,1,2
50673854,17,19
50673041,17,18
50671085,1,2
50671085,17,19
50669931,1,2
50669931,17,19
50667849,1,2
50667849,9,10
50667849,17,18
50667372,1,2
50667372,17,19
50666852,1,2
50666852,17,19
50666425,1,2
50666425,17,19
50664495,1,2
50664495,9,10
50664495,17,18
50664037,1,2
50664037,9,10
50664037,17,18
50663868,17,19
50663718,17,19
50657095,17,18
50584640,17,18
50576838,17,19
50573864,17,19
50566626,17,19
50553715,17,19
50553214,1,2
50553214,17,19
50552968,1,2
50552968,17,19
50546170,1,2
50546170,9,10
50546170,17,18
50440160,1,2
50440160,9,10
50440160,17,18
50439984,17,19
50439393,17,19
50429454,1,2
50429454,9,10
50429454,17,18
50427926,17,18
50427812,17,18
50427517,1,2
50427517,9,10
50427517,17,18
50424042,17,19
50423758,17,19
50423343,17,19
50420561,17,19
50419869,17,18
50415837,17,18
50411872,9,10
50295655,17,19
50292964,17,19
50244468,17,18
50209794,17,18
50209745,17,18
50209715,17,18
50206717,1,8
50206717,17,18
50196308,17,18
50190457,1,2
50190457,9,10
50190457,17,18
50159348,1,2
50159348,9,10
50159348,17,19
50158675,1,2
50158675,9,10
50158675,17,19
50157091,1,2
50157091,9,10
50157091,17,19
50156467,1,2
50156467,9,10
50156467,17,19
50154835,1,2
50154835,9,10
50154835,17,19
50154553,1,2
50154553,9,10
50154553,17,18
50153940,1,2
50153940,9,10
50153940,17,19
50152891,1,2
50152891,9,10
50152891,17,18
50152498,1,2
50152498,17,18
50152373,1,2
50152373,9,10
50152373,17,18
50151633,1,2
50151633,9,10
50151633,17,18
50150979,1,2
50150979,9,10
50150979,17,18
50150866,1,2
50150866,9,10
50150866,17,18
50150624,1,2
50150624,17,19
50150145,1,2
50150145,9,10
50150145,17,18
50149852,1,2
50149852,9,10
50149852,17,18
50149542,17,18
50149254,17,18
50148321,17,18
50148038,17,18
50147677,17,18
50147568,17,19
50146963,17,18
50146806,17,18
50146651,17,18
50145634,17,19
50145497,17,18
50145472,17,18
50144832,17,18
50142928,17,18
50100016,1,2
50100016,17,19
50097950,17,18
50095732,17,18
50095566,17,18
50095357,17,18
50095318,17,18
50095285,17,18
50095211,17,18
50095151,1,8
50095151,17,19
50095047,17,19
50093505,17,19
50092415,17,19
50050000,1,2
50050000,17,19
49908711,17,18
49865394,17,18
49829313,17,18
49760702,1,2
49760702,9,10
49760702,17,19
49759582,1,2
49759582,9,10
49759582,17,19
49759209,17,18
49749356,1,2
49749356,9,10
49749356,17,19
49744041,1,2
49744041,9,10
49744041,17,19
49620913,17,18
49620613,17,18
49611414,17,18
49570569,17,18
49474635,1,2
49474635,9,10
49474635,17,19
49466901,1,2
49466901,9,10
49466901,17,19
49355249,17,19
49115035,1,2
49115035,9,10
49115035,17,18
49042334,1,2
49042334,9,10
49042334,17,18
49040398,1,2
49040398,9,10
49040398,17,19
48951897,17,19
48949490,1,2
48949490,9,10
48949490,17,19
48929490,17,18
48673157,1,2
48673157,9,10
48673157,17,18
48667210,1,2
48667210,9,10
48667210,17,18
48643307,1,8
48643307,17,19
48558058,1,8
48558058,17,18
48552573,1,8
48552573,17,19
46247682,1,8
46168610,1,2
46168610,17,19
44917054,1,8
44917054,17,19
44638081,1,2
44638081,17,18
44630450,1,8
44630450,17,18
44630349,1,8
44630349,17,18
43379665,1,8
43379665,17,18
43379529,1,8
43379529,17,18
43377771,1,8
43377771,17,18
43377146,1,8
43377146,17,18
38574014,17,19
